<?xml version="1.0" encoding="utf-8"?>
<eml:eml xmlns:eml="eml://ecoinformatics.org/eml-2.1.1" xmlns:xsi="http://www.w3.org/2001/XMLSchema-instance"
         xsi:schemaLocation="eml://ecoinformatics.org/eml-2.1.1 http://rs.gbif.org/schema/eml-gbif-profile/1.2/eml.xsd"
packageId="0ce0ef1a-dcb0-4649-8960-093429d0b396"  system="http://gbif.org" scope="system"
xml:lang="en">

    <dataset>
            <alternateIdentifier>10.15468/aoq4aq</alternateIdentifier>
                <alternateIdentifier>https://ipt.gbif.no/resource?r=asplan-kolltveit</alternateIdentifier>
                <alternateIdentifier>0ce0ef1a-dcb0-4649-8960-093429d0b396</alternateIdentifier>
                <alternateIdentifier>https://data.gbif.no/ipt/resource?r=asplan-kolltveit</alternateIdentifier>
        <title>Fv. 555 Kolltveit - Austefjorden</title>
            <creator>
            <individualName>
<givenName>Per</givenName>                    <surName>Ihlen</surName>
            </individualName>
<organizationName>Asplan Viak AS</organizationName>            <address>
<deliveryPoint>Postboks 24</deliveryPoint><city>Sandvika</city><postalCode>1300</postalCode><country>NORWAY</country>            </address>
<phone>+4798244109</phone><electronicMailAddress>per.ihlen@asplanviak.no</electronicMailAddress>            </creator>
            <metadataProvider>
            <individualName>
<givenName>Per</givenName>                    <surName>Ihlen</surName>
            </individualName>
<organizationName>Asplan Viak AS</organizationName>            <address>
<deliveryPoint>Postboks 24</deliveryPoint><city>Sandvika</city><postalCode>1300</postalCode><country>NORWAY</country>            </address>
<phone>+4798244109</phone><electronicMailAddress>per.ihlen@asplanviak.no</electronicMailAddress>            </metadataProvider>
            <associatedParty>
            <individualName>
<givenName>Christian</givenName>                    <surName>Svindseth</surName>
            </individualName>
<electronicMailAddress>christian.svindseth@nhm.uio.no</electronicMailAddress>            <role>USER</role>
            </associatedParty>
            <pubDate>
                2022-02-21
            </pubDate>
        <language>ENGLISH</language>
            <abstract>
                    <para>Data was collected as a part of biodiversity survey in the area between Kolltveit - Austefjorden in Hordaland county, in connection with the planning process of a new road Fv. 555.</para>
            </abstract>
                <keywordSet>
                        <keyword>Occurrence</keyword>
                        <keywordThesaurus>GBIF Dataset Type Vocabulary: http://rs.gbif.org/vocabulary/gbif/dataset_type.xml</keywordThesaurus>
                </keywordSet>
                <keywordSet>
                        <keyword>Observation</keyword>
                        <keywordThesaurus>GBIF Dataset Subtype Vocabulary: http://rs.gbif.org/vocabulary/gbif/dataset_subtype.xml</keywordThesaurus>
                </keywordSet>
                <keywordSet>
                        <keyword>Occurrence</keyword>
                        <keywordThesaurus>GBIF Dataset Type Vocabulary: http://rs.gbif.org/vocabulary/gbif/dataset_type_2015-07-10.xml</keywordThesaurus>
                </keywordSet>
            <intellectualRights>
                    <para>To the extent possible under law, the publisher has waived all rights to these data and has dedicated them to the <ulink url="http://creativecommons.org/publicdomain/zero/1.0/legalcode"><citetitle>Public Domain (CC0 1.0)</citetitle></ulink>. Users may copy, modify, distribute and use the work, including for commercial purposes, without restriction.</para>
            </intellectualRights>
            <maintenance>
                <description>
                    <para></para>
                </description>
                <maintenanceUpdateFrequency>notPlanned</maintenanceUpdateFrequency>
            </maintenance>
            <contact>
            <individualName>
<givenName>Anette</givenName>                    <surName>Gundersen</surName>
            </individualName>
<organizationName>Asplan Viak AS</organizationName>            <address>
<deliveryPoint>Postboks 2304 Solheimsviken</deliveryPoint><city>Bergen</city><postalCode>N-5824</postalCode><country>NORWAY</country>            </address>
<phone>+47-971 80 515</phone><electronicMailAddress>anette.gundersen@asplanviak.no</electronicMailAddress><onlineUrl>https://www.asplanviak.no/</onlineUrl>            </contact>

    </dataset>

    <additionalMetadata>
        <metadata>
            <gbif>
                <dateStamp>2023-05-22T19:50:43Z</dateStamp>
                <citation>Ihlen P (2022). Fv. 555 Kolltveit - Austefjorden. Version 1.7. Asplan Viak AS. Occurrence dataset https://doi.org/10.15468/aoq4aq accessed via GBIF.org on 2023-05-22.</citation>
            </gbif>
        </metadata>
    </additionalMetadata>

</eml:eml>
