<?xml version="1.0" encoding="utf-8"?>
<eml:eml xmlns:eml="eml://ecoinformatics.org/eml-2.1.1" xmlns:xsi="http://www.w3.org/2001/XMLSchema-instance"
         xsi:schemaLocation="eml://ecoinformatics.org/eml-2.1.1 http://rs.gbif.org/schema/eml-gbif-profile/1.2/eml.xsd"
packageId="f0951f50-c8b7-4043-b5a8-499e580296b9"  system="http://gbif.org" scope="system"
xml:lang="en">

    <dataset>
            <alternateIdentifier>10.15468/uwibxx</alternateIdentifier>
                <alternateIdentifier>https://ipt.gbif.no/resource?r=asplan-haugesund</alternateIdentifier>
                <alternateIdentifier>f0951f50-c8b7-4043-b5a8-499e580296b9</alternateIdentifier>
                <alternateIdentifier>https://data.gbif.no/ipt/resource?r=asplan-haugesund</alternateIdentifier>
        <title>Artsrike vegkanter i Haugesund</title>
            <creator>
            <individualName>
<givenName>Per Gerhard</givenName>                    <surName>Ihlen</surName>
            </individualName>
<phone>4798244109</phone>            </creator>
            <metadataProvider>
            <individualName>
<givenName>Per Gerhard</givenName>                    <surName>Ihlen</surName>
            </individualName>
<phone>4798244109</phone>            </metadataProvider>
            <associatedParty>
            <individualName>
<givenName>Christian</givenName>                    <surName>Svindseth</surName>
            </individualName>
<electronicMailAddress>christian.svindseth@nhm.uio.no</electronicMailAddress>            <role>USER</role>
            </associatedParty>
            <pubDate>
                2022-02-21
            </pubDate>
        <language>ENGLISH</language>
            <abstract>
                    <para>Data (most vasular plants) was collected as a part of biodiversity survey in areas close to roads in the Haugesund area.</para>
            </abstract>
                <keywordSet>
                        <keyword>Occurrence</keyword>
                        <keywordThesaurus>GBIF Dataset Type Vocabulary: http://rs.gbif.org/vocabulary/gbif/dataset_type.xml</keywordThesaurus>
                </keywordSet>
                <keywordSet>
                        <keyword>Observation</keyword>
                        <keywordThesaurus>GBIF Dataset Subtype Vocabulary: http://rs.gbif.org/vocabulary/gbif/dataset_subtype.xml</keywordThesaurus>
                </keywordSet>
                <keywordSet>
                        <keyword>private-sector</keyword>
                        <keywordThesaurus>https://www.wikidata.org/wiki/Q591763</keywordThesaurus>
                </keywordSet>
                <keywordSet>
                        <keyword>Occurrence</keyword>
                        <keywordThesaurus>GBIF Dataset Type Vocabulary: http://rs.gbif.org/vocabulary/gbif/dataset_type_2015-07-10.xml</keywordThesaurus>
                </keywordSet>
            <intellectualRights>
                    <para>This work is licensed under a <ulink url="http://creativecommons.org/licenses/by/4.0/legalcode"><citetitle>Creative Commons Attribution (CC-BY) 4.0 License</citetitle></ulink>.</para>
            </intellectualRights>
            <contact>
            <individualName>
<givenName>Anette</givenName>                    <surName>Gundersen</surName>
            </individualName>
<organizationName>Asplan Viak AS</organizationName>            <address>
<deliveryPoint>Postboks 2304 Solheimsviken</deliveryPoint><city>Bergen</city><postalCode>N-5824</postalCode><country>NORWAY</country>            </address>
<phone>+47-971 80 515</phone><electronicMailAddress>anette.gundersen@asplanviak.no</electronicMailAddress><onlineUrl>https://www.asplanviak.no/</onlineUrl>            </contact>

    </dataset>

    <additionalMetadata>
        <metadata>
            <gbif>
                <dateStamp>2023-05-22T19:50:47Z</dateStamp>
                <citation>Ihlen P G (2022). Artsrike vegkanter i Haugesund. Version 1.10. Asplan Viak AS. Occurrence dataset https://doi.org/10.15468/uwibxx accessed via GBIF.org on 2023-05-22.</citation>
            </gbif>
        </metadata>
    </additionalMetadata>

</eml:eml>
