<?xml version="1.0" encoding="utf-8"?>
<eml:eml xmlns:eml="eml://ecoinformatics.org/eml-2.1.1" xmlns:xsi="http://www.w3.org/2001/XMLSchema-instance"
         xsi:schemaLocation="eml://ecoinformatics.org/eml-2.1.1 http://rs.gbif.org/schema/eml-gbif-profile/1.2/eml.xsd"
packageId="fe1e8d55-615e-4334-93f3-325eda0627ab"  system="http://gbif.org" scope="system"
xml:lang="en">

    <dataset>
            <alternateIdentifier>10.15468/eykmy8</alternateIdentifier>
                <alternateIdentifier>https://ipt.gbif.no/resource?r=asplan_kalkskoger</alternateIdentifier>
                <alternateIdentifier>fe1e8d55-615e-4334-93f3-325eda0627ab</alternateIdentifier>
                <alternateIdentifier>https://data.gbif.no/ipt/resource?r=asplan_kalkskoger</alternateIdentifier>
        <title>Biodiversity survey of calcareous forests in Norway</title>
            <creator>
            <individualName>
<givenName>Per Gerhard</givenName>                    <surName>Ihlen</surName>
            </individualName>
<organizationName>Asplan Viak AS</organizationName>            <address>
<country>NORWAY</country>            </address>
<phone>+4798244109</phone><electronicMailAddress>per.ihlen@asplanviak.no</electronicMailAddress>            </creator>
            <metadataProvider>
            <individualName>
<givenName>Per Gerhard</givenName>                    <surName>Ihlen</surName>
            </individualName>
<organizationName>Asplan Viak AS</organizationName>            <address>
<country>NORWAY</country>            </address>
<phone>+4798244109</phone><electronicMailAddress>per.ihlen@asplanviak.no</electronicMailAddress>            </metadataProvider>
            <associatedParty>
            <individualName>
<givenName>Vidar</givenName>                    <surName>Bakken</surName>
            </individualName>
<electronicMailAddress>vidar.bakken@usit.uio.no</electronicMailAddress>            <role>USER</role>
            </associatedParty>
            <pubDate>
                2022-02-22
            </pubDate>
        <language>ENGLISH</language>
            <abstract>
                    <para>Data was collected as a part of a forest mapping project in areas in Askvoll and Hyllestad in Sogn og Fjordane.</para>
            </abstract>
                <keywordSet>
                        <keyword>Occurrence</keyword>
                        <keywordThesaurus>GBIF Dataset Type Vocabulary: http://rs.gbif.org/vocabulary/gbif/dataset_type.xml</keywordThesaurus>
                </keywordSet>
                <keywordSet>
                        <keyword>Observation</keyword>
                        <keywordThesaurus>GBIF Dataset Subtype Vocabulary: http://rs.gbif.org/vocabulary/gbif/dataset_subtype.xml</keywordThesaurus>
                </keywordSet>
                <keywordSet>
                        <keyword>Occurrence</keyword>
                        <keywordThesaurus>GBIF Dataset Type Vocabulary: http://rs.gbif.org/vocabulary/gbif/dataset_type_2015-07-10.xml</keywordThesaurus>
                </keywordSet>
            <intellectualRights>
                    <para>This work is licensed under a <ulink url="http://creativecommons.org/licenses/by-nc/4.0/legalcode"><citetitle>Creative Commons Attribution Non Commercial (CC-BY-NC) 4.0 License</citetitle></ulink>.</para>
            </intellectualRights>
            <maintenance>
                <description>
                    <para></para>
                </description>
                <maintenanceUpdateFrequency>unkown</maintenanceUpdateFrequency>
            </maintenance>
            <contact>
            <individualName>
<givenName>Anette</givenName>                    <surName>Gundersen</surName>
            </individualName>
<organizationName>Asplan Viak AS</organizationName>            <address>
<deliveryPoint>Postboks 2304 Solheimsviken</deliveryPoint><city>Bergen</city><postalCode>N-5824</postalCode><country>NORWAY</country>            </address>
<phone>+47-971 80 515</phone><electronicMailAddress>anette.gundersen@asplanviak.no</electronicMailAddress><onlineUrl>https://www.asplanviak.no/</onlineUrl>            </contact>

            <project id="CESP2019-004">
                <title>CESP2019-004</title>
                    <personnel>
            <individualName>
<givenName>Anette</givenName>                    <surName>Gundersen</surName>
            </individualName>
            <role>ADMINISTRATIVE_POINT_OF_CONTACT</role>
                    </personnel>
                <abstract>
                    <para></para>
                </abstract>
                <funding>
                    <para></para>
                </funding>
            </project>
    </dataset>

    <additionalMetadata>
        <metadata>
            <gbif>
                <dateStamp>2023-05-22T19:50:44Z</dateStamp>
                <citation>Ihlen P G (2022). Biodiversity survey of calcareous forests in Norway. Version 1.4. Asplan Viak AS. Occurrence dataset https://doi.org/10.15468/eykmy8 accessed via GBIF.org on 2023-05-22.</citation>
                    <resourceLogoUrl>https://ipt.gbif.no/logo.do?r=asplan_kalkskoger</resourceLogoUrl>
            </gbif>
        </metadata>
    </additionalMetadata>

</eml:eml>
