<?xml version="1.0" encoding="utf-8"?>
<eml:eml xmlns:eml="https://eml.ecoinformatics.org/eml-2.2.0" xmlns:xsi="http://www.w3.org/2001/XMLSchema-instance"
         xsi:schemaLocation="https://eml.ecoinformatics.org/eml-2.2.0 https://rs.gbif.org/schema/eml-gbif-profile/1.3/eml.xsd"
packageId="10.15468/dl.vjazpv"  system="http://gbif.org" scope="system"
xml:lang="en">
    <dataset>
        <alternateIdentifier>0010612-241024112534372</alternateIdentifier>
        <title>GBIF Occurrence Download 10.15468/dl.vjazpv</title>
        <creator>
            <individualName>
                <surName>GBIF Download Service</surName>
            </individualName>
            <electronicMailAddress>support@gbif.org</electronicMailAddress>
        </creator>
        <metadataProvider>
            <individualName>
                <surName>GBIF Download Service</surName>
            </individualName>
            <electronicMailAddress>support@gbif.org</electronicMailAddress>
        </metadataProvider>
        <pubDate>
                2024-10-29
        </pubDate>
        <language>ENGLISH</language>
        <abstract>
            A dataset containing all occurrences available in GBIF matching the query:
{
  "and" : [
    "TaxonKey is Lagopus muta (Montin, 1781)",
    "BasisOfRecord is one of (Human Observation)",
    "Country is Norway",
    "Year is greater than or equal to 2000",
    "Year is less than or equal to 2020"
  ]
}
The dataset includes records from the following constituent datasets. The full metadata for each constituent is also included in this archive:
2 records from Bird observations along transects in Kopperå, Trøndelag, Norway
50 records from Tetraonid line transect surveys from Norway: Data from Finnmarkseiendommen (FeFo)
408 records from EOD – eBird Observation Dataset
999 records from Tetraonid line transect surveys from Norway: Data from Fjellstyrene
348 records from Rock ptarmigan (Lagopus muta) radio telemetry in Lierne, Norway
41 records from Norwegian Biodiversity Information Centre - Other datasets
23 records from naturgucker
3 records from GalliForm: Galliformes occurrence records from the Indo-Malay and Palaearctic, 1800-2008
4 records from Xeno-canto - Bird sounds from around the world
2 records from Line transect censuses of breeding birds
637 records from Norwegian breeding bird monitoring scheme
7553 records from Norwegian Species Observation Service
142 records from Observation.org, Nature data from around the World
350 records from Tetraonid line transect surveys from Norway: Data from Statskog
2 records from Jordal
5 records from Biofokus
6 records from Hatikka.fi observations
34 records from iNaturalist Research-grade Observations

        </abstract>
        <contact>
            <individualName>
                <surName>GBIF Download Service</surName>
            </individualName>
            <electronicMailAddress>support@gbif.org</electronicMailAddress>
        </contact>

    </dataset>

    <additionalMetadata>
        <metadata>
            <gbif>
                <dateStamp>2024-10-29T13:27:02Z</dateStamp>
                <citation identifier="10.15468/dl.vjazpv">GBIF Occurrence Download 10.15468/dl.vjazpv</citation>
                <physical>
                    <objectName>Darwin Core Archive</objectName>
                    <characterEncoding>UTF-8</characterEncoding>
                    <dataFormat>
                        <externallyDefinedFormat>
                            <formatName>Darwin Core Archive</formatName>
                        </externallyDefinedFormat>
                    </dataFormat>
                    <distribution>
                        <online>
                            <url function="download">https://api.gbif.org/v1/occurrence/download/request/0010612-241024112534372.zip</url>
                        </online>
                    </distribution>
                </physical>
            </gbif>
        </metadata>
    </additionalMetadata>
    </eml:eml>
