<?xml version="1.0" encoding="utf-8"?>
<eml:eml xmlns:eml="https://eml.ecoinformatics.org/eml-2.2.0" xmlns:xsi="http://www.w3.org/2001/XMLSchema-instance"
         xsi:schemaLocation="https://eml.ecoinformatics.org/eml-2.2.0 https://rs.gbif.org/schema/eml-gbif-profile/1.3/eml.xsd"
packageId="492d63a8-4978-4bc7-acd8-7d0e3ac0e744"  system="http://gbif.org" scope="system"
xml:lang="en">
    <dataset>
        <alternateIdentifier>10.15468/tm56sc</alternateIdentifier>
        <alternateIdentifier>https://ipt.artsdatabanken.no/resource?r=nbic_other</alternateIdentifier>
        <alternateIdentifier>https://data.gbif.no/ipt/resource?r=nbic_other</alternateIdentifier>
        <alternateIdentifier>http://data.gbif.no/ipt/resource?r=nbic_other</alternateIdentifier>
        <alternateIdentifier>http://dev.gbif.no/ipt/resource?r=nbic_other</alternateIdentifier>
        <alternateIdentifier>http://gbif.no/ipt/resource?r=nbic_other</alternateIdentifier>
        <alternateIdentifier>http://gbif.no/ipt/resource.do?r=nbic_other</alternateIdentifier>
        <alternateIdentifier>492d63a8-4978-4bc7-acd8-7d0e3ac0e744</alternateIdentifier>
        <alternateIdentifier>14381</alternateIdentifier>
        <title>Norwegian Biodiversity Information Centre - Other datasets</title>
        <creator>
            <individualName>
                <givenName>.</givenName>
                <surName>Norwegian Biodiversity Information Centre</surName>
            </individualName>
            <organizationName>Artsdatabanken</organizationName>
            <positionName>IT Team Leader</positionName>
            <address>
                <deliveryPoint>Havnegata 9</deliveryPoint>
                <city>Trondheim</city>
                <administrativeArea>Trondelag</administrativeArea>
                <postalCode>7010</postalCode>
                <country>NORWAY</country>
            </address>
            <phone>+4793466992</phone>
            <electronicMailAddress>Stein.Hoem@artsdatabanken.no</electronicMailAddress>
            <onlineUrl>https://www.artsdatabanken.no</onlineUrl>
            <userId directory="http://orcid.org/">0000-0002-7991-6753</userId>
        </creator>
        <metadataProvider>
            <individualName>
                <givenName>Stein</givenName>
                <surName>Hoem</surName>
            </individualName>
            <organizationName>Artsdatabanken</organizationName>
            <positionName>IT Team Leader</positionName>
            <address>
                <deliveryPoint>Havnegata 9</deliveryPoint>
                <city>Trondheim</city>
                <administrativeArea>Trondelag</administrativeArea>
                <postalCode>7010</postalCode>
                <country>NORWAY</country>
            </address>
            <phone>+4793466992</phone>
            <electronicMailAddress>Stein.Hoem@artsdatabanken.no</electronicMailAddress>
            <onlineUrl>https://www.artsdatabanken.no</onlineUrl>
            <userId directory="http://orcid.org/">0000-0002-7991-6753</userId>
        </metadataProvider>
        <associatedParty>
            <individualName>
                <givenName>Stein</givenName>
                <surName>Hoem</surName>
            </individualName>
            <organizationName>Artsdatabanken</organizationName>
            <positionName>IT Team Leader</positionName>
            <address>
                <deliveryPoint>Havnegata 9</deliveryPoint>
                <city>Trondheim</city>
                <administrativeArea>Trondelag</administrativeArea>
                <postalCode>7010</postalCode>
                <country>NORWAY</country>
            </address>
            <phone>+4793466992</phone>
            <electronicMailAddress>Stein.Hoem@artsdatabanken.no</electronicMailAddress>
            <onlineUrl>https://www.artsdatabanken.no</onlineUrl>
            <userId directory="http://orcid.org/">0000-0002-7991-6753</userId>
            <role>PROGRAMMER</role>
        </associatedParty>
        <pubDate>
                2024-10-29
        </pubDate>
        <language>ENGLISH</language>
        <abstract>
            <para>Other data providers sharing occurence data via the Norwegian Species Map Service. These providers allow Nbic to share their data as they do not provide their own IPT servide. Providers: Following databases/datasets from the Norwegian Environment Agency (http://www.miljodirektoratet.no/): Predator database, water species database, naturedatabase and salmon registry. From Sustain.no (http://www.miljolare.no/en/) following databases/datasets: Alien species, plants, butterflies, earthworms, snails, water species, garden birds, coastal species, ponds species and steam species.</para>
        </abstract>
        <keywordSet>
            <keyword>Occurrence</keyword>
            <keywordThesaurus>GBIF Dataset Type Vocabulary: http://rs.gbif.org/vocabulary/gbif/dataset_type.xml</keywordThesaurus>
        </keywordSet>
        <keywordSet>
            <keyword>Observation</keyword>
            <keywordThesaurus>GBIF Dataset Subtype Vocabulary: http://rs.gbif.org/vocabulary/gbif/dataset_subtype.xml</keywordThesaurus>
        </keywordSet>
        <keywordSet>
            <keyword>Occurrence</keyword>
            <keywordThesaurus>GBIF Dataset Type Vocabulary: http://rs.gbif.org/vocabulary/gbif/dataset_type_2015-07-10.xml</keywordThesaurus>
        </keywordSet>
        <intellectualRights>
            <para>This work is licensed under a <ulink url="http://creativecommons.org/licenses/by/4.0/legalcode"><citetitle>Creative Commons Attribution (CC-BY) 4.0 License</citetitle></ulink>.</para>
        </intellectualRights>
        <licensed>
            <licenseName>Creative Commons Attribution 4.0 International</licenseName>
            <url>https://spdx.org/licenses/CC-BY-4.0.html</url>
            <identifier>CC-BY-4.0</identifier>
        </licensed>
        <distribution scope="document">
            <online>
                <url function="information">http://artskart.artdatabanken.no</url>
            </online>
        </distribution>
        <distribution scope="document">
            <online>
                <url function="download">https://ipt.artsdatabanken.no/archive.do?r=nbic_other</url>
            </online>
        </distribution>
        <coverage>
            <geographicCoverage>
                <geographicDescription>Norwegian territory, including Svalbard, Jan Mayen and fishing zones</geographicDescription>
                <boundingCoordinates>
                    <westBoundingCoordinate>-12.11</westBoundingCoordinate>
                    <eastBoundingCoordinate>35.67</eastBoundingCoordinate>
                    <northBoundingCoordinate>81.18</northBoundingCoordinate>
                    <southBoundingCoordinate>53.83</southBoundingCoordinate>
                </boundingCoordinates>
            </geographicCoverage>
            <temporalCoverage>
                <rangeOfDates>
                    <beginDate>
                        <calendarDate>                1800-01-01
</calendarDate>
                    </beginDate>
                    <endDate>
                        <calendarDate>                1800-01-01
</calendarDate>
                    </endDate>
                </rangeOfDates>
            </temporalCoverage>
            <taxonomicCoverage>
                <generalTaxonomicCoverage>All kingdoms exept bacteria and virus</generalTaxonomicCoverage>
                <taxonomicClassification>
                    <taxonRankName>Kingdom</taxonRankName>
                    <taxonRankValue>Animalia</taxonRankValue>
                    <commonName>Animals</commonName>
                </taxonomicClassification>
            </taxonomicCoverage>
        </coverage>
        <maintenance>
            <description>
                <para></para>
            </description>
            <maintenanceUpdateFrequency>weekly</maintenanceUpdateFrequency>
        </maintenance>
        <contact>
            <individualName>
                <givenName>Stein</givenName>
                <surName>Hoem</surName>
            </individualName>
            <organizationName>Artsdatabanken</organizationName>
            <positionName>IT Team Leader</positionName>
            <address>
                <deliveryPoint>Havnegata 9</deliveryPoint>
                <city>Trondheim</city>
                <administrativeArea>Trondelag</administrativeArea>
                <postalCode>7010</postalCode>
                <country>NORWAY</country>
            </address>
            <phone>+4793466992</phone>
            <electronicMailAddress>Stein.Hoem@artsdatabanken.no</electronicMailAddress>
            <onlineUrl>https://www.artsdatabanken.no</onlineUrl>
            <userId directory="http://orcid.org/">0000-0002-7991-6753</userId>
        </contact>

            <project >
                <title>Artskart</title>
                <personnel>
                    <individualName>
                    <givenName>Stein</givenName>
                    <surName>Hoem</surName>
                    </individualName>
                    <role>PROGRAMMER</role>
                </personnel>
                <abstract>
                    <para></para>
                </abstract>
                <funding>
                    <para>Goverment</para>
                </funding>
            </project>
    </dataset>

    <additionalMetadata>
        <metadata>
            <gbif>
                <dateStamp>2024-10-29T13:27:00Z</dateStamp>
                <citation>Norwegian Biodiversity Information Centre ., Hoem S (2024). Norwegian Biodiversity Information Centre - Other datasets. Version 13.304. The Norwegian Biodiversity Information Centre (NBIC). Occurrence dataset https://doi.org/10.15468/tm56sc accessed via GBIF.org on 2024-10-29.</citation>
                <resourceLogoUrl>https://ipt.artsdatabanken.no/logo.do?r=nbic_other</resourceLogoUrl>
            </gbif>
        </metadata>
    </additionalMetadata>
    </eml:eml>
