<?xml version="1.0" encoding="utf-8"?>
<eml:eml xmlns:eml="https://eml.ecoinformatics.org/eml-2.2.0" xmlns:xsi="http://www.w3.org/2001/XMLSchema-instance"
         xsi:schemaLocation="https://eml.ecoinformatics.org/eml-2.2.0 https://rs.gbif.org/schema/eml-gbif-profile/1.3/eml.xsd"
packageId="b848f1f3-3955-4725-8ad8-e711e4a9e0ac"  system="http://gbif.org" scope="system"
xml:lang="en">
    <dataset>
        <alternateIdentifier>10.15468/o4zcd3</alternateIdentifier>
        <alternateIdentifier>http://data.nina.no:8080/ipt/resource?r=rockptarmigan_radiotelemetry_liernenorway</alternateIdentifier>
        <alternateIdentifier>b848f1f3-3955-4725-8ad8-e711e4a9e0ac</alternateIdentifier>
        <title>Rock ptarmigan (Lagopus muta) radio telemetry in Lierne, Norway</title>
        <creator>
            <individualName>
                <givenName>Erlend B.</givenName>
                <surName>Nilsen</surName>
            </individualName>
            <organizationName>Norwgian Institute for Nature Researech (NINA)</organizationName>
            <positionName>Senior Research Scientist</positionName>
            <address>
                <deliveryPoint>Norwegian Institute for Nature Research</deliveryPoint>
                <city>Trondheim</city>
                <postalCode>7485</postalCode>
                <country>NORWAY</country>
            </address>
            <electronicMailAddress>erlend.nilsen@nina.no</electronicMailAddress>
        </creator>
        <creator>
            <individualName>
                <givenName>Hans Chr.</givenName>
                <surName>Pedersen</surName>
            </individualName>
            <organizationName>Norwgian Institute for Nature Researech (NINA)</organizationName>
            <positionName>Senior Research Scientist</positionName>
            <address>
                <deliveryPoint>Norwegian Institute for Nature Research</deliveryPoint>
                <city>Trondheim</city>
                <postalCode>7485</postalCode>
                <country>NORWAY</country>
            </address>
            <electronicMailAddress>hans.pedersen@nina.no</electronicMailAddress>
        </creator>
        <creator>
            <individualName>
                <givenName>Henrik</givenName>
                <surName>Brøseth</surName>
            </individualName>
            <organizationName>Norwegian Institute for Nature Research (NINA)</organizationName>
            <positionName>Senior Research Scientist</positionName>
            <address>
                <deliveryPoint>Norwegian Institute for Nature Research</deliveryPoint>
                <city>Trondheim</city>
                <postalCode>7485</postalCode>
                <country>NORWAY</country>
            </address>
            <electronicMailAddress>henrik.broseth@nina.no</electronicMailAddress>
        </creator>
        <creator>
            <individualName>
                <givenName>Pål F.</givenName>
                <surName>Moa</surName>
            </individualName>
            <organizationName>Nord University</organizationName>
            <positionName>Senior Lecturer</positionName>
            <address>
                <country>NORWAY</country>
            </address>
            <electronicMailAddress>paal.f.moa@nord.no</electronicMailAddress>
        </creator>
        <metadataProvider>
            <individualName>
                <givenName>Erlend B.</givenName>
                <surName>Nilsen</surName>
            </individualName>
            <organizationName>Norwegian Institute for Nature Research (NINA)</organizationName>
            <positionName>Senior Research Scientist</positionName>
            <address>
                <deliveryPoint>Norwegian Institute for Nature Research</deliveryPoint>
                <city>Trondheim</city>
                <postalCode>7485</postalCode>
                <country>NORWAY</country>
            </address>
            <electronicMailAddress>erlend.nilsen@nina.no</electronicMailAddress>
            <userId directory="http://orcid.org/">0000-0002-5119-8331</userId>
        </metadataProvider>
        <metadataProvider>
            <individualName>
                <givenName>Roald</givenName>
                <surName>Vang</surName>
            </individualName>
            <organizationName>Norwegian Institute for Nature Research (NINA)</organizationName>
            <address>
                <deliveryPoint>Norwegian Institute for Nature Research</deliveryPoint>
                <city>Trondheim</city>
                <postalCode>7485</postalCode>
                <country>NORWAY</country>
            </address>
            <electronicMailAddress>rv@nina.no</electronicMailAddress>
        </metadataProvider>
        <pubDate>
                2019-09-17
        </pubDate>
        <language>ENGLISH</language>
        <abstract>
            This data set is based on a small radio telemetry project on rock ptarmigan (Lagopus muta) in Lierne municipality, central Norway. In total, 85 rock ptarmigans were captured and radio-collared. After release, the birds were re-located with variable geographical precision (noted in the data). When mortality were detected, cause of death was as far as possible recorded. 

In the published data, cause of death is attributed to one of two causes (hunting OR other causes), and this information is available in the field &amp;#34;dynamicProperties&amp;#34; together with information about the event (capture OR radiotelemetry/recature). In some cases more detailed information about the event and state is available in the raw data.
        </abstract>
        <keywordSet>
            <keyword>Occurrence</keyword>
            <keywordThesaurus>GBIF Dataset Type Vocabulary: http://rs.gbif.org/vocabulary/gbif/dataset_type.xml</keywordThesaurus>
        </keywordSet>
        <keywordSet>
            <keyword>Observation</keyword>
            <keywordThesaurus>GBIF Dataset Subtype Vocabulary: http://rs.gbif.org/vocabulary/gbif/dataset_subtype.xml</keywordThesaurus>
        </keywordSet>
        <intellectualRights>
            <para>This work is licensed under a <ulink url="http://creativecommons.org/licenses/by/4.0/legalcode"><citetitle>Creative Commons Attribution (CC-BY) 4.0 License</citetitle></ulink>.</para>
        </intellectualRights>
        <licensed>
            <licenseName>Creative Commons Attribution 4.0 International</licenseName>
            <url>https://spdx.org/licenses/CC-BY-4.0.html</url>
            <identifier>CC-BY-4.0</identifier>
        </licensed>
        <distribution scope="document">
            <online>
                <url function="download">https://ipt.nina.no/archive.do?r=rockptarmigan_radiotelemetry_liernenorway</url>
            </online>
        </distribution>
        <coverage>
            <geographicCoverage>
                <geographicDescription>Study area mainly in central Norway (Lierne and Snåsa municipalities). Some re-locations of radio-collared ptarmigans in Sweden are included in the data set.</geographicDescription>
                <boundingCoordinates>
                    <westBoundingCoordinate>12.659</westBoundingCoordinate>
                    <eastBoundingCoordinate>14.653</eastBoundingCoordinate>
                    <northBoundingCoordinate>64.774</northBoundingCoordinate>
                    <southBoundingCoordinate>64.033</southBoundingCoordinate>
                </boundingCoordinates>
            </geographicCoverage>
            <temporalCoverage>
                <rangeOfDates>
                    <beginDate>
                        <calendarDate>                2012-02-14
</calendarDate>
                    </beginDate>
                    <endDate>
                        <calendarDate>                2014-09-17
</calendarDate>
                    </endDate>
                </rangeOfDates>
            </temporalCoverage>
            <taxonomicCoverage>
                <taxonomicClassification>
                    <taxonRankName>Species</taxonRankName>
                    <taxonRankValue>Lagopus muta</taxonRankValue>
                    <commonName>Rock ptarmigan</commonName>
                </taxonomicClassification>
            </taxonomicCoverage>
        </coverage>
        <maintenance>
            <description>
                <para></para>
            </description>
            <maintenanceUpdateFrequency>asNeeded</maintenanceUpdateFrequency>
        </maintenance>
        <contact>
            <individualName>
                <givenName>Erlend B.</givenName>
                <surName>Nilsen</surName>
            </individualName>
            <organizationName>Norwegian Institute for Nature Research (NINA)</organizationName>
            <positionName>Senior Research Scientist</positionName>
            <address>
                <deliveryPoint>Norwegian Institute for Nature Research</deliveryPoint>
                <city>Trondheim</city>
                <postalCode>7485</postalCode>
                <country>NORWAY</country>
            </address>
            <electronicMailAddress>erlend.nilsen@nina.no</electronicMailAddress>
            <userId directory="http://orcid.org/">0000-0002-5119-8331</userId>
        </contact>
        <contact>
            <individualName>
                <givenName>Roald</givenName>
                <surName>Vang</surName>
            </individualName>
            <organizationName>Norwegian Institute for Nature Research (NINA)</organizationName>
            <address>
                <deliveryPoint>Norwegian Institute for Nature Research</deliveryPoint>
                <city>Trondheim</city>
                <postalCode>7485</postalCode>
                <country>NORWAY</country>
            </address>
            <electronicMailAddress>rv@nina.no</electronicMailAddress>
        </contact>

            <project >
                <title>Rock ptarmigan (Lagopus muta) telemetry project in Lierne, Norway 2012-2014</title>
                <personnel>
                    <individualName>
                    <givenName>Erlend B.</givenName>
                    <surName>Nilsen</surName>
                    </individualName>
                    <role>PRINCIPAL_INVESTIGATOR</role>
                </personnel>
                <personnel>
                    <individualName>
                    <givenName>Henrik</givenName>
                    <surName>Brøseth</surName>
                    </individualName>
                    <role>PRINCIPAL_INVESTIGATOR</role>
                </personnel>
                <personnel>
                    <individualName>
                    <givenName>Hans Chr.</givenName>
                    <surName>Pedersen</surName>
                    </individualName>
                    <role>PRINCIPAL_INVESTIGATOR</role>
                </personnel>
                <personnel>
                    <individualName>
                    <givenName>Pål F.</givenName>
                    <surName>Moa</surName>
                    </individualName>
                    <role>PRINCIPAL_INVESTIGATOR</role>
                </personnel>
                <abstract>
                    <para>The purpose of the study was both to provide basic ecological knowledge about rock ptarmigan in Norway, and to assess the applicability and usefulness of a suite of field methods to study rock ptarmigan biology, demography and population dynamics. In addition to the radio-telemetry, pilot studies focusing on point-count studies and site-occupancy dynamics, as well as mark-recapture studies based on fecal DNA was preformed.</para>
                </abstract>
                <funding>
                    <para>The project was funded by a grant from the Norwegian Environment Agency (grant #12040045; Rock ptarmigan demography and population status). All handling of animals were in agreement with Norwegian laws, and approved by the Norwegian Food Safety Authority (approval ID 3960).</para>
                </funding>
                <studyAreaDescription>
                    <descriptor name="generic" citableClassificationSystem="false">
                        <descriptorValue>The main study area was in Lierne municipality, Nord-Trøndelag county, Norway. All capture of rock ptarmigan for the radio-telemetry study was conducted around Lierne National Park. Point-count studies and mark-recapture studies based on fecal DNA was performed at Lifjellet, Lierne, Norway.</descriptorValue>
                    </descriptor>
                </studyAreaDescription>
            </project>
    </dataset>

    <additionalMetadata>
        <metadata>
            <gbif>
                <dateStamp>2024-10-29T13:27:00Z</dateStamp>
                <citation>Nilsen E B, Pedersen H C, Brøseth H, Moa P F, Vang R (2019). Rock ptarmigan (Lagopus muta) radio telemetry in Lierne, Norway. Version 1.2. Norwegian Institute for Nature Research. Occurrence dataset https://doi.org/10.15468/o4zcd3 accessed via GBIF.org on 2024-10-29.</citation>
                <bibliography>
                <citation identifier="http://hdl.handle.net/11250/2379287">Nilsen, E.B., Pedersen, H.C., Brøseth, H., Kleven, O., Moa, P.F. &amp; Hagen, B.R. 2015. Fjellrypeprosjektet i Lierne: Årsrapport 2015. NINA Rapport 1217. 28 s.</citation>
                </bibliography>
            </gbif>
        </metadata>
    </additionalMetadata>
    </eml:eml>
