<?xml version="1.0" encoding="utf-8"?>
<eml:eml xmlns:eml="eml://ecoinformatics.org/eml-2.1.1" xmlns:xsi="http://www.w3.org/2001/XMLSchema-instance"
         xsi:schemaLocation="eml://ecoinformatics.org/eml-2.1.1 http://rs.gbif.org/schema/eml-gbif-profile/1.2/eml.xsd"
packageId="78ab5416-bf56-4714-a2bf-096b16f0e1d8"  system="http://gbif.org" scope="system"
xml:lang="en">

    <dataset>
            <alternateIdentifier>10.15468/wajmcg</alternateIdentifier>
                <alternateIdentifier>https://ipt.gbif.no/resource?r=vascular-powerline</alternateIdentifier>
                <alternateIdentifier>78ab5416-bf56-4714-a2bf-096b16f0e1d8</alternateIdentifier>
                <alternateIdentifier>https://data.gbif.no/ipt/resource?r=vascular-powerline</alternateIdentifier>
        <title>Effects of vegetation clearing on vascular plants in power line clearings southeast Norway</title>
            <creator>
            <individualName>
<givenName>Mari</givenName>                    <surName>Steinert</surName>
            </individualName>
<organizationName>NMBU</organizationName>            <address>
<city>Ås</city>            </address>
<phone>93450202</phone><electronicMailAddress>mari.steinert@nmbu.no</electronicMailAddress><onlineUrl>https://www.nmbu.no/</onlineUrl>            </creator>
            <creator>
            <individualName>
<givenName>Katrine</givenName>                    <surName>Eldegard</surName>
            </individualName>
<organizationName>NMBU</organizationName>            <address>
<city>Ås</city><postalCode>432</postalCode><country>NORWAY</country>            </address>
<electronicMailAddress>katrine.eldegard@nmbu.no</electronicMailAddress><onlineUrl>http://www.nmbu.no</onlineUrl>            </creator>
            <creator>
            <individualName>
<givenName>Markus A.K.</givenName>                    <surName>Sydenham</surName>
            </individualName>
            <address>
<country>NORWAY</country>            </address>
            </creator>
            <creator>
            <individualName>
<givenName>Stein</givenName>                    <surName>Moe</surName>
            </individualName>
<organizationName>NMBU</organizationName>            <address>
<city>Ås</city><country>NORWAY</country>            </address>
<onlineUrl>http://www,nmbu.no</onlineUrl>            </creator>
            <metadataProvider>
            <individualName>
<givenName>Mari</givenName>                    <surName>Steinert</surName>
            </individualName>
<organizationName>NMBU</organizationName>            <address>
<city>Ås</city>            </address>
<phone>93450202</phone><electronicMailAddress>mari.steinert@nmbu.no</electronicMailAddress><onlineUrl>https://www.nmbu.no/</onlineUrl>            </metadataProvider>
            <associatedParty>
            <individualName>
<givenName>Katrine</givenName>                    <surName>Eldegard</surName>
            </individualName>
<organizationName>NMBU</organizationName>            <address>
<city>Ås</city>            </address>
<electronicMailAddress>katrine.eldegard@nmbu.no</electronicMailAddress><onlineUrl>https://www.nmbu.no/</onlineUrl>            <role>AUTHOR</role>
            </associatedParty>
            <associatedParty>
            <individualName>
<givenName>Markus A K</givenName>                    <surName>Sydenham</surName>
            </individualName>
<organizationName>NMBU</organizationName>            <address>
<city>Ås</city>            </address>
<electronicMailAddress>markus.sydenham@nmbu.no</electronicMailAddress><onlineUrl>https://www.nmbu.no/</onlineUrl>            <role>AUTHOR</role>
            </associatedParty>
            <associatedParty>
            <individualName>
<givenName>Stein R.</givenName>                    <surName>Moe</surName>
            </individualName>
<organizationName>NMBU</organizationName>            <address>
<city>Ås</city>            </address>
<electronicMailAddress>stein.moe@nmbu.no</electronicMailAddress><onlineUrl>https://www.nmbu.no/</onlineUrl>            <role>AUTHOR</role>
            </associatedParty>
            <pubDate>
                2019-12-13
            </pubDate>
        <language>ENGLISH</language>
            <abstract>
                    <para>Linear habitats, such as power-line clearings, have been thought to affect biodiversity negatively. However, during the last decade several studies have highlighted the potential value of power-line clearings as habitats for a number of taxonomic groups, like bees and butterflies. The vegetation below power-lines is continuously reset to earlier successional stages, which provides suitable habitats for several native plant species which hosts diverse assemblages of pollinating species. With proper management, power-line clearings could be important for conservation of species associated with open-canopy habitats.</para>
                    <para>We conducted a large-scale field experiment, with 19 sites haphazardly distributed within the main power line grid in southeast Norway. All sites were placed below power lines in a boreal forest system consisting of varying proportions of the main tree species: Norway spruce Picea abies, Scots pine Pinus sylvestris and birch Betula spp. Sites were located between latitudes 59.33°–61.12°N and longitudes 08.95°–11.36°E at 48–536 m a.s.l., varying in width and age. Each site had been subjected to the same management regime with cutting of all woody vegetation every 5-10 years, without chemicals used, and had a stretch of at least 200 meters with substantial regrowth of trees before experiments were performed. At each site, we established three plots of approx. 30 x 60 m, at least 20 m apart. During late autumn 2012 (16 sites) and early spring 2013 (3 sites), treatments were randomly allocated to each of the plots within a site: 1) cut: woody vegetation was cut and left to decay in the plot, 2) cut-remove: woody vegetation was cut and removed, 3) Vegetation was uncut. We placed a systematic grid with nine plant-plots of 1m2 within each treatment plot, and visually quantified % abundance of all vascular plants the following seasons. The plant-plots were regularly spaced within a 10m × 10m subplot located in the centre of each treatment plot. Registrations were carried out in late June/early July in 2013, 2014 and 2015. If a species was present in a subplot, but had &amp;lt; 1% cover, it was recorded as 0.001%. The field data collections are funded by Statnett, and designed to study effects of vegetation clearing on biodiversity (i.e. vascular plants and insects) under power line clearings.</para>
            </abstract>
                <keywordSet>
                        <keyword>Samplingevent</keyword>
                        <keywordThesaurus>GBIF Dataset Type Vocabulary: http://rs.gbif.org/vocabulary/gbif/dataset_type.xml</keywordThesaurus>
                </keywordSet>
                <keywordSet>
                        <keyword>disturbance</keyword>
                        <keyword>vascular plants</keyword>
                        <keyword>experiment</keyword>
                        <keyword>power line clearings</keyword>
                        <keywordThesaurus>n/a</keywordThesaurus>
                </keywordSet>
            <intellectualRights>
                    <para>This work is licensed under a <ulink url="http://creativecommons.org/licenses/by/4.0/legalcode"><citetitle>Creative Commons Attribution (CC-BY) 4.0 License</citetitle></ulink>.</para>
            </intellectualRights>
            <coverage>
                    <geographicCoverage>
                            <geographicDescription>Southeast Norway</geographicDescription>
                            <boundingCoordinates>
                                <westBoundingCoordinate>7.998</westBoundingCoordinate>
                                <eastBoundingCoordinate>12.437</eastBoundingCoordinate>
                                <northBoundingCoordinate>61.96</northBoundingCoordinate>
                                <southBoundingCoordinate>59.041</southBoundingCoordinate>
                            </boundingCoordinates>
                    </geographicCoverage>
            </coverage>
            <maintenance>
                <description>
                    <para></para>
                </description>
                <maintenanceUpdateFrequency>notPlanned</maintenanceUpdateFrequency>
            </maintenance>
            <contact>
            <individualName>
<givenName>Mari</givenName>                    <surName>Steinert</surName>
            </individualName>
<organizationName>NMBU</organizationName>            <address>
<city>Ås</city>            </address>
<phone>93450202</phone><electronicMailAddress>mari.steinert@nmbu.no</electronicMailAddress><onlineUrl>https://www.nmbu.no/</onlineUrl>            </contact>

    </dataset>

    <additionalMetadata>
        <metadata>
            <gbif>
                <dateStamp>2023-05-22T19:28:23Z</dateStamp>
                <citation>Steinert M, Eldegard K, Sydenham M A, Moe S (2019). Effects of vegetation clearing on vascular plants in power line clearings southeast Norway. Version 1.8. Norwegian University of Life Sciences (NMBU). Sampling event dataset https://doi.org/10.15468/wajmcg accessed via GBIF.org on 2023-05-22.</citation>
                    <bibliography>
                <citation identifier="doi:10.1002/ece3.1963">Sydenham MAK, Moe SR, Stanescu‐Yadav DN, Totland Ø, Eldegard K. The effects of habitat management on the species, phylogenetic and functional diversity of bees are modified by the environmental context. Ecology and Evolution. 2016;6(4):961-973.</citation>
                <citation identifier="https://doi.org/10.1002/ecs2.2509">Steinert, M., S. R. Moe, M. A. K. Sydenham, and K. Eldegard. 2018. Different cutting regimes improve species and functional diversity of insect‐pollinated plants in power‐line clearings. Ecosphere 9(11):e02509. 10.1002/ecs2.2509</citation>
                    </bibliography>
            </gbif>
        </metadata>
    </additionalMetadata>

</eml:eml>
