<?xml version="1.0" encoding="utf-8"?>
<eml:eml xmlns:eml="eml://ecoinformatics.org/eml-2.1.1" xmlns:xsi="http://www.w3.org/2001/XMLSchema-instance"
         xsi:schemaLocation="eml://ecoinformatics.org/eml-2.1.1 http://rs.gbif.org/schema/eml-gbif-profile/1.2/eml.xsd"
packageId="9678e1a6-b1c4-4e86-9d26-ebb169338655"  system="http://gbif.org" scope="system"
xml:lang="en">

    <dataset>
            <alternateIdentifier>10.15468/zyqy5s</alternateIdentifier>
                <alternateIdentifier>https://ipt.gbif.no/resource?r=vascular-powerline2</alternateIdentifier>
                <alternateIdentifier>9678e1a6-b1c4-4e86-9d26-ebb169338655</alternateIdentifier>
                <alternateIdentifier>https://data.gbif.no/ipt/resource?r=vascular-powerline2</alternateIdentifier>
        <title>Vascular plants in power line clearings and the nearby forest, southeast Norway</title>
            <creator>
            <individualName>
<givenName>Katrine</givenName>                    <surName>Eldegard</surName>
            </individualName>
            <address>
<city>Ås</city><country>NORWAY</country>            </address>
<electronicMailAddress>katrine.eldegard@nmbu.no</electronicMailAddress><onlineUrl>https://www.nmbu.no/</onlineUrl>            </creator>
            <creator>
            <individualName>
<givenName>Stein</givenName>                    <surName>Moe</surName>
            </individualName>
            <address>
<country>NORWAY</country>            </address>
<electronicMailAddress>stein.moe@nmbu.no</electronicMailAddress><onlineUrl>http://www.nmbu.no</onlineUrl>            </creator>
            <metadataProvider>
            <individualName>
<givenName>Mari</givenName>                    <surName>Steinert</surName>
            </individualName>
            <address>
<city>Ås</city><country>NORWAY</country>            </address>
<electronicMailAddress>mari.steinert@nmbu.no</electronicMailAddress><onlineUrl>https://www.nmbu.no/</onlineUrl>            </metadataProvider>
            <associatedParty>
            <individualName>
<givenName>Katrine</givenName>                    <surName>Eldegard</surName>
            </individualName>
<organizationName>NMBU</organizationName>            <address>
<city>Ås</city><country>NORWAY</country>            </address>
<electronicMailAddress>katrine.eldegard@nmbu.no</electronicMailAddress><onlineUrl>https://www.nmbu.no/</onlineUrl>            <role>AUTHOR</role>
            </associatedParty>
            <associatedParty>
            <individualName>
<givenName>Stein R.</givenName>                    <surName>Moe</surName>
            </individualName>
<organizationName>NMBU</organizationName>            <address>
<city>Ås</city><country>NORWAY</country>            </address>
<electronicMailAddress>stein.moe@nmbu.no</electronicMailAddress><onlineUrl>https://www.nmbu.no/</onlineUrl>            <role>AUTHOR</role>
            </associatedParty>
            <associatedParty>
            <individualName>
<givenName>Ørjan</givenName>                    <surName>Totland</surName>
            </individualName>
<organizationName>UiB</organizationName>            <address>
<city>Bergen</city><country>NORWAY</country>            </address>
<electronicMailAddress>Orjan.Totland@uib.no</electronicMailAddress><onlineUrl>https://www.uib.no/</onlineUrl>            <role>AUTHOR</role>
            </associatedParty>
            <pubDate>
                2019-12-13
            </pubDate>
        <language>ENGLISH</language>
            <abstract>
                    <para>Power line clearings are edge-creating disturbances in landscapes world-wide, but there have been few studies on their bordering vegetation. Our aim was to quantify edge effects on plant communities along such clearings in Norway and to identify factors that influence these edge effects.</para>
                    <para>We surveyed understorey plant communities on either side of the power line clearing–forest edge at 51 sites, along four parallel transects at each site. Each transect had four plots located, respectively, in the clearing centre, clearing edge, forest edge and forest. We quantified the magnitude of edge effects (MEE) on either side by comparing edges with their corresponding ‘non-edge’ reference habitats. We also measured differences in species composition across the edge (clearing edge vs. forest edge). Habitat characteristics were sampled at plot and site level and from digital maps. % cover of vascular plants were registered (see Eldegard et al 2015 for description of study design and methods).</para>
                    <para>Differences in species composition were greater between clearing centres and clearing edges than between forests and forest edges. Differences in species composition across the edge increased with edge contrast and forest productivity. Edge effects on species composition into the forest were smallest along north-facing edges, whereas those in the clearings increased with power line age.</para>
                    <para>Species richness increased slightly towards the edge in forests but decreased considerably towards the edge in clearings. The direction and MEE on either side differed among functional groups. Edge contrast and edge aspect were the prime factors influencing the MEE into forests, whereas in clearings, these were influenced principally by tree regrowth in the clearings and by forest productivity.</para>
                    <para>Synthesis and applications. Edge effects on plant communities bordering power line clearings were determined by factors that can be influenced by planners and managers. For existing power lines, management plans should differentiate between the following: (i) clearings through high conservation value forests, where edge effects into the adjacent forest should be limited; (ii) clearings that can act as replacement habitat for cultural landscape species, where maintaining open-canopy habitats should be prioritized; and (iii) ‘business-as-usual’ clearings, where continuing the current practice of cutting every 5–10 years is recommended.</para>
            </abstract>
                <keywordSet>
                        <keyword>Samplingevent</keyword>
                        <keywordThesaurus>GBIF Dataset Type Vocabulary: http://rs.gbif.org/vocabulary/gbif/dataset_type.xml</keywordThesaurus>
                </keywordSet>
            <intellectualRights>
                    <para>This work is licensed under a <ulink url="http://creativecommons.org/licenses/by/4.0/legalcode"><citetitle>Creative Commons Attribution (CC-BY) 4.0 License</citetitle></ulink>.</para>
            </intellectualRights>
            <maintenance>
                <description>
                    <para></para>
                </description>
                <maintenanceUpdateFrequency>notPlanned</maintenanceUpdateFrequency>
            </maintenance>
            <contact>
            <individualName>
<givenName>Katrine</givenName>                    <surName>Eldegard</surName>
            </individualName>
            <address>
<city>Ås</city><country>NORWAY</country>            </address>
<electronicMailAddress>katrine.eldegard@nmbu.no</electronicMailAddress><onlineUrl>https://www.nmbu.no/</onlineUrl>            </contact>

    </dataset>

    <additionalMetadata>
        <metadata>
            <gbif>
                <dateStamp>2023-05-22T19:28:27Z</dateStamp>
                <citation>Eldegard K, Moe S, Steinert M (2019). Vascular plants in power line clearings and the nearby forest, southeast Norway. Version 1.8. Norwegian University of Life Sciences (NMBU). Sampling event dataset https://doi.org/10.15468/zyqy5s accessed via GBIF.org on 2023-05-22.</citation>
                    <bibliography>
                <citation>Eldegard, K., Totland, Ø. and Moe, S. R. (2015), Edge effects on plant communities along power line clearings. J Appl Ecol, 52: 871–880.</citation>
                    </bibliography>
            </gbif>
        </metadata>
    </additionalMetadata>

</eml:eml>
