<?xml version="1.0" encoding="utf-8"?>
<eml:eml xmlns:eml="eml://ecoinformatics.org/eml-2.1.1" xmlns:xsi="http://www.w3.org/2001/XMLSchema-instance"
         xsi:schemaLocation="eml://ecoinformatics.org/eml-2.1.1 http://rs.gbif.org/schema/eml-gbif-profile/1.2/eml.xsd"
packageId="10.15468/dl.p4zybf"  system="http://gbif.org" scope="system"
xml:lang="en">

    <dataset>
                <alternateIdentifier>0256589-230224095556074</alternateIdentifier>
        <title>GBIF Occurrence Download 10.15468/dl.p4zybf</title>
            <creator>
            <individualName>
                    <surName>GBIF Download Service</surName>
            </individualName>
<electronicMailAddress>support@gbif.org</electronicMailAddress>            </creator>
            <metadataProvider>
            <individualName>
                    <surName>GBIF Download Service</surName>
            </individualName>
<electronicMailAddress>support@gbif.org</electronicMailAddress>            </metadataProvider>
            <pubDate>
                2023-05-22
            </pubDate>
        <language>ENGLISH</language>
            <abstract>
                    <para>A dataset containing all occurrences available in GBIF matching the query:
{
  &quot;and&quot; : [
    &quot;TaxonKey is Calluna vulgaris (L.) Hull&quot;,
    &quot;BasisOfRecord is one of (Human Observation)&quot;,
    &quot;Country is Norway&quot;,
    &quot;HasCoordinate is true&quot;,
    &quot;Year is greater than or equal to 2000&quot;,
    &quot;Year is less than or equal to 2022&quot;
  ]
}
The dataset includes records from the following constituent datasets. The full metadata for each constituent is also included in this archive:
231 records from Effects of vegetation clearing on vascular plants in power line clearings southeast Norway
1 records from KU Grensestasjon nord Sør-Varanger 2013 - Vegetasjon
5 records from Konsekvensutredning naturmangfold E6 Åsen - Mære
522 records from Vascular Plants, Field notes, Oslo (O)
23 records from naturgucker
4 records from Vascular Plants, Observations, Oslo (O)
1 records from Overvåking Røsskleiva NR
1 records from ARKO strandeng
5 records from Images and observations of mostly edible plants in Stephen Barstow’s Edible Garden in Norway, taken between 2005 and 2014
3 records from Overvåking av dragehode Dracocephalum ruyschiana
19548 records from Norwegian Species Observation Service
7 records from Fv. 555 Kolltveit - Austefjorden
1 records from Vegetation survey in Vestfold, Norway 2018
30 records from Ecofact
117 records from Vegetation data from long term sheep grazing experiment in Setesdal, Norway
2 records from Lajitietokeskus/FinBIF - Notebook, general observations
5 records from NINA Artskart data
5 records from Tillegg Røtinga i Os
9 records from Faun
3 records from Biodiversity mapping in connection with a new road (Fv. 17) between Dyrstad and Østvik in Steinkjer, Norway.
2 records from Overvåking av sopp og flueblom 2022
1 records from Biodiversity survey of calcareous forests in Norway
442 records from Vascular Plants, Field notes, Agder naturmuseum (KMN)
546 records from Vascular plant field notes, NTNU University Museum
12 records from Tidlig oppdagelse og varsling av fremmede arter 2019
1 records from Spredning av fremmede arter med planteimport til Norge
15 records from Occurrence data from various smaller projects in Norway
85 records from Norwegian Biodiversity Information Centre - Other datasets
127 records from ARKO kulturmarkseng
1 records from KU E16 Slæn - Tvinno
17 records from Overvåking av semi-naturlig eng (ASO)
503 records from Vascular plants in power line clearings and the nearby forest, southeast Norway
122 records from Stabbetorp - Floristiske registreringer 2016
23 records from Pl@ntNet observations
2 records from Artskartlegging flomsikringstiltak, Kvam 2013
164 records from Observation.org, Nature data from around the World
12 records from Overvåking av åpen grunnlendt kalkmark i Oslofjordområdet
1101 records from Jordal
12 records from Overvåking av dragehode Dracocephalum ruyschiana
404 records from Biofokus
241 records from Pl@ntNet automatically identified occurrences
1 records from Spredning av fremmede arter med tømmerimport til Norge
56 records from Trondheim urban biodyversity survey
1 records from Verneplan Hjerkinn karplanter
8 records from Verdivurdering naturmangfold E39 Stord-Os
1 records from Artsrike vegkanter i Haugesund
481 records from iNaturalist Research-grade Observations</para>
            </abstract>
            <contact>
            <individualName>
                    <surName>GBIF Download Service</surName>
            </individualName>
<electronicMailAddress>support@gbif.org</electronicMailAddress>            </contact>

    </dataset>

    <additionalMetadata>
        <metadata>
            <gbif>
                <dateStamp>2023-05-22T19:28:29Z</dateStamp>
                <citation identifier="10.15468/dl.p4zybf">GBIF Occurrence Download 10.15468/dl.p4zybf</citation>
                    <physical>
                        <objectName>Darwin Core Archive</objectName>
                        <characterEncoding>UTF-8</characterEncoding>
                        <dataFormat>
                            <externallyDefinedFormat>
                                <formatName>Darwin Core Archive</formatName>
                            </externallyDefinedFormat>
                        </dataFormat>
                        <distribution>
                            <online>
                                <url function="download">https://api.gbif.org/v1/occurrence/download/request/0256589-230224095556074.zip</url>
                            </online>
                        </distribution>
                    </physical>
            </gbif>
        </metadata>
    </additionalMetadata>

</eml:eml>
